{"cameraMode":{"drawMode":0,"name":"Shaded","section":"Shading Mode"},"sceneLighting":true,"audioPlay":false,"sceneViewState":{"m_AlwaysRefresh":false,"showFog":true,"showSkybox":true,"showFlares":true,"showImageEffects":true,"showParticleSystems":true,"showVisualEffectGraphs":true,"m_FxEnabled":true},"in2DMode":false,"pivot":{"x":4.281589984893799,"y":4.468855857849121,"z":14.486296653747559},"rotation":{"x":0.07922182977199555,"y":-0.11191003024578095,"z":0.008934851735830307,"w":0.9904995560646057},"size":3.703730821609497,"orthographic":false}